time,Lambda control (lambda sensor voltages): Lambda control bank 1 (actual),Lambda control (lambda sensor voltages): Lambda control bank 1 (specified),General: Intake manifold pressure (G71),General: Engine speed (G28),General: Intake air temperature (G42),General: Engine load,General: Injection timing,Idle speed stabilization (gear shifts): Selected gear,General: Coolant temperature (G62),General: Vehicle speed,General: Throttle valve angle,Lambda control (mixture adaptation): Adaptation (partial) bank 1 sensor 1,Lambda control: Lambda control bank 1 sensor 1,Emission reduction (secondary air injection: Mass air flow sensor (G70),Lambda control shutoff: Lambda control status,Lambda control shutoff: Lambda control
0,1.01465,0.99414,357.0,640.0,39.0,18.0,4.1,0.0,75.0,0.0,2.4,9.8,0.0,2.1,,0.0
1981,1.01465,0.99414,357.0,640.0,39.0,18.8,4.1,0.0,75.0,0.0,2.4,9.8,0.0,2.2,,0.0
3972,1.01465,0.99414,357.0,640.0,39.0,18.8,4.1,0.0,75.0,0.0,2.4,9.8,0.0,2.2,,0.0
5951,1.01367,0.99414,357.0,640.0,39.0,16.9,4.1,0.0,75.0,0.0,2.4,9.8,0.0,2.1,,0.0
7859,1.01465,0.99414,337.0,640.0,39.0,20.0,4.1,0.0,75.0,0.0,7.8,9.8,0.0,6.2,,0.0
9740,1.01465,0.99609,500.0,640.0,39.0,9.4,7.2,0.0,75.0,1.0,2.7,9.8,0.0,2.5,,0.0
11724,1.01367,0.99414,357.0,640.0,39.0,72.9,4.1,0.0,75.0,0.0,3.1,9.8,0.0,3.4,,0.0
13705,1.01563,0.99414,337.0,704.0,39.0,14.9,4.1,0.0,75.0,2.0,2.0,9.8,0.0,2.1,,0.0
15694,1.01563,0.99414,316.0,640.0,39.0,20.8,3.1,0.0,75.0,2.0,2.7,9.8,0.0,3.4,,0.0
17665,1.0166,0.99512,551.0,672.0,39.0,29.0,8.2,0.0,75.0,5.0,6.3,9.8,0.0,7.3,,0.0
19592,1.01465,0.99609,418.0,1440.0,39.0,36.9,6.2,1.0,76.5,10.0,7.8,9.8,0.0,4.9,,0.0
21555,1.01563,0.99512,316.0,1152.0,39.0,11.8,4.1,0.0,76.5,13.0,3.5,9.8,0.0,3.1,,0.0
23469,1.01465,0.99512,296.0,1024.0,39.0,11.0,3.1,0.0,76.5,12.0,2.7,9.8,0.0,2.3,,0.0
25436,1.01563,0.99414,296.0,736.0,39.0,18.4,3.1,0.0,76.5,7.0,2.7,9.8,0.0,2.5,,0.0
27426,1.01465,0.99414,377.0,544.0,39.0,41.2,5.2,0.0,76.5,7.0,3.1,9.8,0.0,3.5,,0.0
29417,1.01953,0.99414,337.0,864.0,39.0,24.7,4.1,2.0,76.5,11.0,5.9,9.8,0.0,6.2,,0.0
31359,1.04004,0.99609,479.0,1216.0,39.0,51.8,7.2,2.0,76.5,16.0,9.0,9.8,0.0,6.6,,0.0
33216,1.01074,0.99707,337.0,1728.0,39.0,24.3,4.1,2.0,76.5,22.0,5.9,9.8,0.0,5.2,,0.0
35176,1.33398,0.99609,275.0,1824.0,39.0,0.0,0.0,2.0,76.5,22.0,5.9,9.8,0.0,5.0,,0.0
37101,1.61328,0.99609,275.0,1728.0,39.0,0.0,0.0,2.0,76.5,21.0,5.5,9.8,0.0,4.8,,0.0
39072,1.74512,0.99609,275.0,1632.0,39.0,0.0,0.0,0.0,76.5,18.0,4.3,9.8,0.0,3.0,,0.0
41051,0.9043,0.99414,296.0,928.0,39.0,18.0,4.1,0.0,78.0,15.0,6.3,9.8,0.0,6.5,,0.0
43048,0.98828,0.99609,571.0,1280.0,39.0,57.6,8.2,2.0,78.0,16.0,14.9,9.8,8.2,14.9,,10.2
44938,1.00195,0.99609,775.0,1792.0,39.0,65.9,11.3,2.0,78.0,23.0,19.2,9.8,9.8,20.3,,10.2
46911,0.99316,0.99707,694.0,2368.0,39.0,0.0,11.3,0.0,78.0,29.0,5.9,9.8,0.0,4.5,,0.0
48826,0.97266,0.99609,296.0,1504.0,37.5,17.6,4.1,0.0,78.0,24.0,5.1,9.8,0.0,3.5,,0.0
50807,0.94043,0.99512,275.0,1056.0,37.5,13.3,3.1,0.0,78.0,11.0,2.7,9.8,0.0,2.4,,0.0
52797,0.97852,0.99414,316.0,800.0,39.0,18.4,3.1,0.0,78.0,4.0,23.5,9.8,-2.7,7.6,,-2.7
54771,0.93262,0.99512,439.0,992.0,39.0,35.7,5.2,0.0,78.0,6.0,9.8,9.8,-2.7,8.8,,-2.7
56672,0.98438,0.99707,551.0,1728.0,39.0,54.9,8.2,1.0,78.0,13.0,13.3,9.8,3.5,7.9,,0.0
58635,1.99902,0.99609,316.0,1504.0,39.0,31.8,0.0,0.0,78.0,15.0,13.3,9.8,0.0,10.9,,2.0
60578,1.03418,0.99707,673.0,1568.0,39.0,60.0,9.3,2.0,79.5,20.0,16.9,9.8,8.6,16.8,,8.6
62536,1.00684,0.99707,694.0,2144.0,39.0,60.4,10.3,2.0,79.5,27.0,16.9,9.8,7.0,18.3,,6.3
64449,0.96387,0.99707,337.0,2560.0,39.0,18.4,4.1,2.0,79.5,31.0,8.6,9.8,0.0,7.2,,0.0
66417,1.99902,0.99512,275.0,2368.0,37.5,0.0,0.0,2.0,79.5,28.0,7.5,9.8,0.0,5.9,,0.0
68349,1.99902,0.99609,296.0,1952.0,39.0,24.7,0.0,2.0,79.5,23.0,10.6,9.8,0.0,11.6,,0.0
70254,1.0498,0.99707,520.0,2208.0,39.0,63.5,7.2,2.0,79.5,27.0,21.2,9.8,10.5,23.3,,10.5
72193,0.97949,0.99707,398.0,2496.0,39.0,0.0,0.0,0.0,79.5,32.0,5.5,9.8,0.0,4.8,,0.0
74181,1.99902,0.99609,357.0,1760.0,39.0,29.0,4.1,3.0,79.5,30.0,7.8,9.8,0.0,7.5,,0.0
76163,1.01465,0.99707,357.0,1728.0,39.0,38.4,5.2,3.0,81.0,31.0,6.7,9.8,2.0,6.8,,1.2
78142,0.98535,0.99707,398.0,1760.0,39.0,34.9,5.2,3.0,81.0,31.0,9.0,9.8,2.7,8.1,,0.8
80038,0.96387,0.99609,316.0,1824.0,39.0,18.0,3.1,3.0,81.0,32.0,5.9,9.8,0.0,5.1,,0.0
81999,1.99902,0.99609,275.0,1760.0,39.0,0.0,0.0,3.0,81.0,31.0,5.1,9.8,0.0,4.4,,0.0
83924,1.99902,0.99609,275.0,1504.0,39.0,0.0,0.0,3.0,81.0,26.0,4.3,9.8,0.0,4.0,,0.0
85904,1.99902,0.99512,275.0,1408.0,39.0,0.0,0.0,3.0,82.5,24.0,3.9,9.8,0.0,3.7,,0.0
87895,1.99902,0.99512,275.0,1152.0,39.0,12.5,4.1,0.0,82.5,21.0,2.7,9.8,0.0,5.9,,0.0
89877,0.9375,0.99707,357.0,1600.0,39.0,41.6,5.2,2.0,82.5,20.0,16.5,9.8,8.6,16.7,,10.2
91772,1.0166,0.99707,673.0,2240.0,39.0,58.8,10.3,2.0,82.5,28.0,19.6,9.8,11.7,22.3,,11.7
93689,0.95703,0.99707,316.0,2496.0,39.0,0.0,0.0,0.0,82.5,34.0,5.5,9.8,0.0,4.8,,0.0
95647,1.73047,0.99609,296.0,1856.0,39.0,22.7,3.1,3.0,82.5,33.0,7.5,9.8,0.0,9.1,,-0.4
97602,1.02539,0.99707,439.0,1920.0,39.0,36.9,6.2,3.0,82.5,35.0,11.4,9.8,7.4,11.7,,9.0
99539,1.00781,0.99707,520.0,2112.0,39.0,41.2,7.2,3.0,82.5,38.0,12.2,9.8,9.4,10.5,,9.4
101516,0.97461,0.99512,275.0,2240.0,39.0,17.3,4.1,3.0,82.5,40.0,7.8,9.8,0.0,6.2,,0.0
103473,1.99902,0.99512,439.0,2176.0,39.0,0.0,0.0,3.0,84.0,38.0,7.5,9.8,0.0,5.6,,0.0
105386,1.99902,0.99609,296.0,2016.0,39.0,0.0,0.0,3.0,84.0,36.0,7.1,9.8,0.0,5.6,,0.0
107300,1.99902,0.99609,296.0,1472.0,39.0,11.8,0.0,0.0,84.0,30.0,3.9,9.8,0.0,2.9,,0.0
109282,0.94043,0.99414,296.0,896.0,39.0,13.7,3.1,0.0,84.0,19.0,2.4,9.8,0.0,2.4,,0.0
111260,1.01074,0.99512,296.0,1408.0,39.0,27.8,3.1,0.0,84.0,16.0,8.2,9.8,0.0,10.3,,0.0
113253,1.06836,0.99707,694.0,1632.0,39.0,61.6,9.3,2.0,84.0,21.0,18.0,9.8,12.5,18.0,,11.3
115127,0.96777,0.99707,479.0,2272.0,39.0,35.7,7.2,2.0,84.0,28.0,8.2,9.8,8.6,6.6,,0.0
117042,1.99902,0.99512,275.0,2304.0,39.0,0.0,0.0,2.0,84.0,27.0,7.5,9.8,0.0,5.1,,0.0
119000,1.99902,0.99609,520.0,1728.0,39.0,0.0,0.0,2.0,84.0,21.0,6.3,9.8,0.0,7.5,,0.0
120926,1.01758,0.99707,632.0,1824.0,40.5,60.4,9.3,2.0,84.0,23.0,16.5,9.8,10.2,7.6,,7.0
122917,0.9834,0.99512,275.0,2208.0,40.5,20.4,3.1,2.0,84.0,27.0,8.2,9.8,9.4,8.3,,7.4
124895,0.97852,0.99609,337.0,2368.0,40.5,25.1,4.1,2.0,85.5,29.0,9.4,9.8,5.9,7.2,,0.0
126860,1.99902,0.99609,296.0,1856.0,39.0,0.0,0.0,0.0,85.5,30.0,5.1,9.8,0.0,4.6,,0.0
128756,1.99902,0.99609,275.0,1600.0,39.0,4.3,0.0,0.0,85.5,27.0,5.1,9.8,0.0,4.1,,0.0
130702,1.03027,0.99609,275.0,1472.0,39.0,11.8,3.1,3.0,85.5,27.0,4.7,9.8,0.0,4.2,,0.0
132657,1.99902,0.99512,296.0,1376.0,39.0,0.0,0.0,0.0,85.5,24.0,3.5,9.8,0.0,3.0,,0.0
134651,0.9082,0.99512,296.0,928.0,39.0,13.7,3.1,0.0,85.5,19.0,2.4,9.8,0.0,2.4,,0.0
136619,0.95508,0.99414,296.0,800.0,39.0,14.9,3.1,0.0,85.5,11.0,2.4,9.8,0.0,2.3,,0.0
138585,1.00293,0.99414,316.0,768.0,39.0,16.1,3.1,0.0,85.5,2.0,2.4,9.8,0.0,4.3,,0.4
140484,0.84375,0.99609,500.0,864.0,40.5,29.0,6.2,0.0,85.5,3.0,2.7,9.8,-2.0,4.1,,-0.8
142413,0.98145,0.99512,592.0,672.0,40.5,53.3,14.4,0.0,85.5,7.0,9.0,9.8,-2.7,14.0,,-2.3
144370,1.0127,0.99707,632.0,2112.0,40.5,0.0,9.3,0.0,85.5,15.0,4.7,9.8,0.0,6.4,,0.0
146349,0.97656,0.99609,632.0,1248.0,39.0,57.6,9.3,2.0,85.5,16.0,12.5,9.8,9.4,6.1,,9.0
148271,0.96582,0.99609,296.0,1536.0,39.0,18.8,4.1,2.0,85.5,18.0,5.9,9.8,3.9,5.8,,3.1
150238,0.94336,0.99707,357.0,1536.0,39.0,21.6,5.2,2.0,85.5,18.0,5.5,9.8,4.7,4.3,,4.7
152139,1.74512,0.99609,275.0,1504.0,39.0,0.0,0.0,2.0,85.5,17.0,4.3,9.8,0.0,3.9,,0.0
154123,1.99902,0.99512,275.0,1344.0,39.0,0.0,0.0,2.0,87.0,16.0,3.5,9.8,0.0,3.5,,0.0
156104,1.99902,0.99512,316.0,1280.0,39.0,30.6,4.1,2.0,87.0,16.0,6.3,9.8,0.0,4.4,,0.0
158016,1.0332,0.99609,275.0,1536.0,39.0,7.8,0.0,2.0,87.0,19.0,5.1,9.8,0.0,4.4,,0.0
159996,1.0332,0.99609,275.0,1600.0,39.0,16.1,3.1,2.0,87.0,20.0,5.5,9.8,0.0,4.7,,0.0
161949,1.19043,0.99609,275.0,1760.0,39.0,0.0,0.0,2.0,87.0,21.0,5.5,9.8,0.0,4.7,,0.0
163884,1.99902,0.99609,275.0,1696.0,39.0,0.0,0.0,2.0,87.0,20.0,5.1,9.8,0.0,5.1,,0.0
165867,1.0166,0.99609,296.0,1728.0,39.0,29.8,4.1,2.0,87.0,21.0,11.0,9.8,2.3,10.9,,4.7
167848,1.04297,0.99707,418.0,2048.0,40.5,0.0,0.0,0.0,87.0,26.0,5.5,9.8,0.0,4.7,,0.0
169839,0.99316,0.99609,275.0,1600.0,39.0,0.0,3.1,0.0,87.0,27.0,5.1,9.8,0.0,4.5,,0.0
171820,1.99902,0.99609,275.0,1408.0,39.0,0.0,0.0,0.0,87.0,24.0,3.5,9.8,0.0,2.8,,0.0
173785,0.9082,0.99414,296.0,928.0,39.0,13.3,3.1,0.0,87.0,17.0,2.7,9.8,0.0,2.4,,0.0
175753,0.9707,0.99414,316.0,800.0,39.0,15.3,3.1,0.0,87.0,11.0,2.4,9.8,0.0,2.8,,0.0
177682,1.01074,0.99609,398.0,928.0,39.0,40.0,6.2,2.0,87.0,13.0,7.8,9.8,-2.3,8.7,,-0.8
179674,1.03906,0.99707,612.0,1440.0,40.5,49.8,8.2,2.0,87.0,19.0,7.8,9.8,8.2,7.0,,4.3
181651,0.95898,0.99609,316.0,1920.0,40.5,25.5,4.1,2.0,87.0,24.0,8.2,9.8,3.5,7.4,,3.9
183633,0.97852,0.99512,296.0,2240.0,39.0,23.9,4.1,2.0,87.0,28.0,7.5,9.8,0.0,4.2,,0.0
185625,1.99902,0.99512,337.0,1184.0,39.0,12.2,4.1,0.0,87.0,30.0,3.1,9.8,0.0,3.0,,0.0
187520,0.97754,0.99609,275.0,1600.0,39.0,0.0,0.0,3.0,87.0,31.0,5.1,9.8,0.0,4.7,,0.0
189427,1.99902,0.99609,275.0,1728.0,39.0,0.0,0.0,3.0,87.0,30.0,5.1,9.8,0.0,4.6,,0.0
191405,1.99902,0.99609,275.0,1600.0,40.5,0.0,0.0,3.0,87.0,27.0,4.3,9.8,0.0,4.0,,0.0
193399,1.99902,0.99512,275.0,1408.0,39.0,0.0,0.0,3.0,87.0,25.0,3.9,9.8,0.0,3.8,,0.0
195368,1.99902,0.99512,245.0,1440.0,40.5,17.3,3.1,3.0,87.0,24.0,4.3,9.8,0.0,4.4,,0.0
197346,1.01953,0.99609,296.0,1504.0,40.5,26.3,4.1,3.0,87.0,27.0,7.5,9.8,0.8,7.2,,2.0
199254,1.01758,0.99707,398.0,1664.0,40.5,32.5,5.2,3.0,87.0,30.0,8.6,9.8,3.1,8.0,,2.7
201240,0.98926,0.99707,357.0,1888.0,40.5,22.4,4.1,3.0,87.0,34.0,6.3,9.8,2.3,5.3,,2.3
203216,0.99707,0.99609,245.0,2016.0,40.5,17.6,3.1,3.0,87.0,36.0,6.7,9.8,3.5,5.7,,3.9
205210,0.99023,0.99609,275.0,2112.0,40.5,22.0,3.1,3.0,87.0,38.0,7.8,9.8,4.3,6.6,,3.9
207190,0.98242,0.99512,275.0,2208.0,40.5,23.5,4.1,3.0,87.0,40.0,9.4,9.8,5.5,7.2,,5.5
209158,1.13477,0.99512,296.0,1984.0,40.5,0.0,0.0,0.0,87.0,42.0,6.7,9.8,0.0,4.9,,0.0
211055,1.99902,0.99609,551.0,1792.0,40.5,0.0,0.0,4.0,87.0,42.0,6.7,9.8,0.0,4.9,,0.0
212960,1.99902,0.99609,296.0,1760.0,40.5,4.3,0.0,4.0,87.0,41.0,5.5,9.8,0.0,5.0,,0.0
214874,1.02734,0.99609,275.0,1760.0,40.5,19.6,3.1,4.0,87.0,43.0,5.9,9.8,0.0,5.0,,0.4
216843,1.00195,0.99609,245.0,1824.0,40.5,0.0,0.0,4.0,87.0,44.0,5.9,9.8,0.0,5.2,,0.0
218754,1.99902,0.99609,275.0,1856.0,40.5,0.0,0.0,4.0,87.0,44.0,5.5,9.8,0.0,5.0,,0.0
220735,1.99902,0.99609,275.0,1824.0,40.5,0.0,0.0,4.0,87.0,43.0,5.5,9.8,0.0,5.0,,0.0
222643,1.99902,0.99609,275.0,1824.0,40.5,0.0,0.0,4.0,87.0,42.0,5.1,9.8,0.0,4.8,,0.0
224593,1.99902,0.99609,245.0,1792.0,40.5,0.0,0.0,4.0,87.0,42.0,5.1,9.8,0.0,4.8,,0.0
226496,1.99902,0.99609,275.0,1760.0,40.5,0.0,0.0,4.0,85.5,41.0,5.1,9.8,0.0,4.8,,0.0
228464,1.99902,0.99609,275.0,1792.0,40.5,22.4,3.1,4.0,87.0,41.0,5.9,9.8,0.0,5.4,,0.0
230444,1.02539,0.99609,296.0,1824.0,40.5,18.8,3.1,4.0,85.5,43.0,5.9,9.8,1.6,5.0,,0.0
232434,1.99902,0.99609,275.0,1824.0,40.5,0.0,0.0,4.0,85.5,43.0,5.5,9.8,0.0,5.0,,0.0
234354,1.99902,0.99609,275.0,1792.0,40.5,0.0,0.0,4.0,85.5,41.0,5.1,9.8,0.0,4.6,,0.0
236255,1.99902,0.99609,245.0,1664.0,40.5,4.7,0.0,4.0,85.5,39.0,5.9,9.8,0.0,5.3,,0.0
238240,1.0127,0.99609,296.0,1696.0,40.5,18.4,4.1,4.0,85.5,40.0,5.5,9.8,0.0,4.7,,0.0
240142,1.99902,0.99609,275.0,1728.0,40.5,0.0,0.0,4.0,85.5,40.0,5.1,9.8,0.0,4.7,,0.0
242122,1.99902,0.99512,296.0,1248.0,40.5,12.2,4.1,0.0,85.5,34.0,3.1,9.8,0.0,2.6,,0.0
244099,0.95117,0.99414,296.0,1088.0,40.5,0.0,3.1,0.0,85.5,25.0,5.1,9.8,0.0,3.8,,0.0
246087,0.99512,0.99512,275.0,1152.0,40.5,11.4,3.1,0.0,85.5,18.0,6.3,9.8,0.0,10.9,,0.0
248011,0.98535,0.94824,714.0,1568.0,40.5,63.1,10.3,2.0,85.5,21.0,19.2,9.8,12.1,19.2,,12.1
249975,1.00781,0.99707,755.0,2336.0,40.5,67.1,11.3,2.0,85.5,31.0,23.9,9.8,0.0,7.5,,0.0
251944,1.99902,0.99609,296.0,1696.0,40.5,36.5,4.1,0.0,85.5,36.0,14.5,9.8,4.7,16.2,,7.4
253932,0.99121,0.94922,551.0,2208.0,40.5,42.0,7.2,3.0,85.5,40.0,10.2,9.8,9.0,7.2,,7.0
255870,0.98242,0.99512,245.0,2336.0,39.0,8.6,3.1,3.0,85.5,42.0,8.2,9.8,0.0,6.5,,0.0
257822,1.99902,0.99512,459.0,2304.0,39.0,0.0,0.0,3.0,85.5,41.0,7.8,9.8,0.0,6.2,,0.0
259746,1.99902,0.94336,245.0,2208.0,40.5,20.8,3.1,3.0,85.5,39.0,8.2,9.8,0.0,10.5,,0.0
261705,0.99219,0.94824,459.0,2304.0,40.5,36.9,6.2,3.0,85.5,42.0,8.2,9.8,9.0,6.7,,10.2
263689,1.05762,0.99512,275.0,2368.0,40.5,0.0,0.0,3.0,87.0,42.0,8.2,9.8,0.0,6.4,,0.0
265668,1.99902,0.99512,459.0,2272.0,42.0,0.0,0.0,3.0,87.0,40.0,7.8,9.8,0.0,6.4,,0.0
267631,1.0,0.9502,592.0,2240.0,42.0,45.1,9.3,3.0,87.0,41.0,8.2,9.8,7.8,6.7,,8.6
269559,1.90918,0.99512,275.0,2336.0,42.0,0.0,0.0,3.0,87.0,41.0,9.0,9.8,0.0,7.4,,0.0
271480,1.00586,0.94336,296.0,2368.0,40.5,18.4,4.1,3.0,87.0,42.0,8.2,9.8,7.8,6.7,,0.0
273430,0.95313,0.94336,245.0,2368.0,40.5,9.0,3.1,3.0,87.0,42.0,8.6,9.8,0.0,6.5,,0.0
275410,1.99902,0.99512,459.0,2304.0,40.5,0.0,0.0,3.0,87.0,41.0,8.2,9.8,0.0,6.2,,0.0
277400,1.99902,0.99512,275.0,2208.0,42.0,0.0,0.0,3.0,87.0,39.0,7.5,9.8,0.0,5.8,,0.0
279357,1.99902,0.99609,296.0,1920.0,42.0,0.0,0.0,3.0,87.0,33.0,5.9,9.8,0.0,4.4,,0.0
281294,1.99902,0.99512,296.0,1216.0,42.0,12.2,4.1,0.0,87.0,27.0,3.1,9.8,0.0,2.6,,0.0
283235,0.96777,0.99414,296.0,864.0,42.0,14.1,3.1,0.0,87.0,18.0,2.4,9.8,0.0,2.2,,0.0
285163,1.00586,0.99414,316.0,736.0,42.0,15.7,3.1,0.0,87.0,4.0,2.4,9.8,0.0,2.3,,0.0
287131,1.03516,0.99414,337.0,672.0,42.0,16.1,3.1,0.0,87.0,0.0,2.0,9.8,1.6,2.1,,0.4
289045,0.98242,0.99414,337.0,640.0,42.0,16.5,3.1,0.0,87.0,0.0,20.4,9.8,-2.7,9.5,,-2.7
291014,0.94238,0.99707,520.0,1568.0,42.0,52.9,7.2,0.0,87.0,4.0,26.3,9.8,6.6,22.5,,4.7
292960,0.97754,0.99707,592.0,2624.0,42.0,0.0,8.2,0.0,87.0,18.0,21.6,9.8,0.0,21.1,,3.9
294835,0.99316,0.95508,928.0,2080.0,40.5,87.1,15.4,2.0,87.0,28.0,32.9,9.8,9.8,13.1,,0.0
296796,1.99902,0.99512,275.0,1984.0,40.5,0.0,0.0,0.0,87.0,35.0,7.5,9.8,0.0,7.5,,0.0
298753,0.95313,0.94629,459.0,2016.0,40.5,42.7,6.2,3.0,87.0,37.0,14.1,9.8,9.8,11.6,,10.9
300688,0.97266,0.99512,296.0,2240.0,40.5,18.0,4.1,3.0,87.0,40.0,7.8,9.8,0.0,6.1,,0.0
302669,1.99902,0.99512,275.0,2272.0,40.5,0.0,0.0,3.0,87.0,40.0,7.8,9.8,0.0,6.1,,0.0
304580,1.99902,0.99512,398.0,2176.0,42.0,0.0,0.0,3.0,87.0,38.0,7.5,9.8,0.0,5.7,,0.0
306489,1.99902,0.99609,479.0,2112.0,42.0,0.0,0.0,3.0,87.0,37.0,7.1,9.8,0.0,5.7,,0.0
308424,1.99902,0.99609,296.0,1856.0,42.0,0.0,0.0,3.0,87.0,32.0,5.5,9.8,0.0,4.9,,0.0
310353,1.99902,0.99609,275.0,1696.0,42.0,0.0,0.0,3.0,87.0,29.0,4.7,9.8,0.0,4.5,,0.0
312322,1.99902,0.99609,275.0,1600.0,42.0,0.0,0.0,3.0,87.0,28.0,5.5,9.8,0.0,6.8,,0.0
314313,0.97363,0.94531,398.0,1664.0,42.0,25.1,5.2,3.0,87.0,30.0,5.9,9.8,3.5,4.7,,3.5
316294,1.99902,0.99609,275.0,1664.0,42.0,0.0,0.0,3.0,87.0,30.0,5.1,9.8,0.0,4.5,,0.0
318279,1.99902,0.99609,275.0,1632.0,42.0,0.0,0.0,3.0,87.0,28.0,4.7,9.8,0.0,4.3,,0.0
320180,1.99902,0.99609,275.0,1472.0,42.0,19.2,0.0,0.0,87.0,24.0,3.5,9.8,0.0,2.9,,0.0
322154,0.94043,0.94434,245.0,1824.0,42.0,22.7,3.1,0.0,87.0,21.0,12.9,9.8,1.6,16.0,,7.0
324134,1.01465,0.95508,755.0,2144.0,42.0,62.4,11.3,2.0,87.0,28.0,20.8,9.8,12.5,24.2,,12.9
326125,0.95313,0.99609,316.0,2432.0,42.0,0.0,0.0,0.0,87.0,35.0,5.9,9.8,0.0,7.0,,0.0
328047,0.95703,0.94629,500.0,2016.0,42.0,52.2,7.2,3.0,87.0,36.0,17.6,9.8,11.7,17.3,,11.7
330016,0.99512,0.99707,673.0,2272.0,42.0,56.9,10.3,3.0,87.0,41.0,16.1,9.8,11.3,15.9,,11.7
331914,0.99902,0.99707,551.0,2592.0,42.0,45.1,8.2,3.0,87.0,46.0,17.6,9.8,11.7,17.0,,0.0
333877,1.8252,0.99512,275.0,2336.0,40.5,0.0,0.0,0.0,87.0,49.0,7.5,9.8,0.0,6.6,,0.0
335868,0.96582,0.94336,296.0,2112.0,40.5,23.1,4.1,4.0,87.0,50.0,11.0,9.8,4.3,9.7,,5.9
337790,0.96191,0.94727,479.0,2208.0,40.5,42.4,7.2,4.0,87.0,52.0,13.3,9.8,10.2,12.4,,10.2
339771,0.98242,0.99707,479.0,2304.0,40.5,39.2,7.2,4.0,87.0,55.0,12.5,9.8,10.5,12.0,,10.2
341752,0.99512,0.99707,439.0,2432.0,40.5,35.7,6.2,4.0,87.0,58.0,14.9,9.8,10.5,14.9,,10.9
343625,1.00195,0.99707,520.0,2560.0,40.5,42.4,7.2,4.0,87.0,61.0,15.3,9.8,11.3,8.9,,0.0
345610,1.99902,0.99512,296.0,1920.0,40.5,0.0,0.0,0.0,87.0,62.0,5.1,9.8,0.0,5.7,,0.0
347523,1.99902,0.99609,337.0,2048.0,40.5,0.0,0.0,5.0,87.0,61.0,6.3,9.8,0.0,5.6,,0.0
349492,1.99902,0.94434,296.0,2048.0,42.0,25.5,4.1,5.0,87.0,60.0,7.8,9.8,0.0,7.0,,0.0
351472,0.97461,0.94434,316.0,2048.0,43.5,25.9,4.1,5.0,87.0,61.0,8.6,9.8,4.7,7.3,,5.1
353418,0.93848,0.99609,316.0,2080.0,42.0,26.7,4.1,5.0,87.0,62.0,8.6,9.8,3.9,7.4,,3.5
355336,0.98145,0.99609,316.0,2112.0,42.0,26.7,4.1,5.0,87.0,63.0,8.6,9.8,4.3,7.5,,3.9
357198,0.98242,0.99512,316.0,2144.0,42.0,26.3,4.1,5.0,87.0,64.0,9.0,9.8,3.9,7.6,,4.3
359178,0.98242,0.99512,316.0,2176.0,42.0,26.3,4.1,5.0,87.0,65.0,9.0,9.8,2.7,7.9,,4.3
361135,0.99316,0.99512,316.0,2208.0,42.0,26.7,4.1,5.0,87.0,66.0,9.4,9.8,4.3,8.1,,4.3
363058,0.99609,0.99512,316.0,2240.0,42.0,26.7,4.1,5.0,87.0,67.0,9.4,9.8,5.5,8.3,,4.7
365017,0.97949,0.99512,316.0,2272.0,42.0,26.7,4.1,5.0,87.0,69.0,9.4,9.8,3.9,8.3,,5.1
366924,0.98535,0.99609,316.0,2304.0,42.0,26.7,4.1,5.0,87.0,69.0,9.4,9.8,4.7,8.4,,4.3
368836,0.98926,0.99512,316.0,2336.0,42.0,26.3,4.1,5.0,87.0,70.0,9.8,9.8,0.0,6.1,,0.0
370810,1.99902,0.99609,316.0,1472.0,42.0,16.1,0.0,0.0,87.0,70.0,8.6,9.8,0.0,7.7,,0.0
372779,0.96582,0.94238,275.0,2944.0,42.0,23.5,3.1,4.0,87.0,69.0,10.2,9.8,5.1,9.5,,5.5
374697,0.9541,0.94336,296.0,2944.0,42.0,25.5,4.1,4.0,87.0,70.0,18.4,9.8,7.0,16.6,,6.6
376672,0.98926,0.99414,245.0,2976.0,40.5,29.0,3.1,4.0,87.0,71.0,25.5,9.8,7.0,27.3,,6.6
378646,0.99609,0.99707,734.0,3136.0,40.5,67.1,11.3,4.0,87.0,75.0,21.6,9.8,5.9,13.1,,0.0
380536,1.99902,0.99414,275.0,2592.0,40.5,0.0,0.0,0.0,87.0,77.0,6.3,9.8,0.0,7.1,,0.0
382510,1.99902,0.99512,337.0,2496.0,42.0,0.0,0.0,5.0,87.0,75.0,8.2,9.8,0.0,7.0,,0.0
384435,1.99902,0.94434,296.0,2464.0,42.0,17.6,3.1,5.0,87.0,73.0,8.2,9.8,0.0,6.8,,0.0
386425,1.02441,0.94336,245.0,2464.0,42.0,17.6,3.1,5.0,87.0,73.0,8.6,9.8,8.6,6.9,,9.8
388417,0.94727,0.94336,275.0,2432.0,42.0,18.4,4.1,5.0,87.0,73.0,8.6,9.8,8.6,6.9,,7.4
390380,0.99121,0.99512,275.0,2432.0,42.0,18.4,3.1,5.0,87.0,73.0,8.6,9.8,8.2,6.8,,7.8
392259,0.9873,0.99512,275.0,2400.0,42.0,19.2,3.1,5.0,87.0,72.0,8.6,9.8,7.4,6.8,,7.8
394187,0.98926,0.99512,275.0,2400.0,42.0,20.4,3.1,5.0,87.0,72.0,8.6,9.8,7.4,6.8,,7.0
396153,0.9834,0.99512,275.0,2400.0,42.0,21.2,3.1,5.0,87.0,72.0,8.6,9.8,9.4,6.8,,9.0
398154,0.98535,0.99512,275.0,2400.0,42.0,21.6,3.1,5.0,87.0,72.0,8.6,9.8,7.8,6.8,,8.6
400122,0.9873,0.99512,275.0,2400.0,42.0,21.2,3.1,5.0,87.0,72.0,8.2,9.8,7.8,6.8,,7.8
402095,0.98535,0.99512,275.0,2400.0,42.0,38.8,3.1,5.0,87.0,72.0,12.9,9.8,10.2,9.0,,9.0
404004,0.96582,0.99512,316.0,2432.0,42.0,25.9,4.1,5.0,87.0,73.0,9.8,9.8,7.8,7.1,,7.4
405984,0.99316,0.99512,316.0,2496.0,42.0,39.2,4.1,5.0,87.0,73.0,14.1,9.8,10.2,13.4,,12.1
407990,1.02246,0.99707,459.0,2496.0,42.0,38.4,6.2,5.0,87.0,75.0,13.7,9.8,11.3,13.5,,12.1
409959,0.97461,0.99707,459.0,2528.0,42.0,38.0,6.2,5.0,87.0,77.0,14.1,9.8,11.7,13.9,,11.3
411929,1.00098,0.99707,459.0,2592.0,42.0,25.5,6.2,5.0,87.0,78.0,8.6,9.8,6.6,7.3,,0.0
413852,1.99902,0.99512,275.0,2592.0,42.0,0.0,0.0,5.0,87.0,78.0,8.6,9.8,0.0,7.3,,0.0
415771,1.99902,0.99512,296.0,2528.0,42.0,0.0,0.0,5.0,87.0,76.0,8.2,9.8,0.0,7.2,,0.0
417640,1.99902,0.99512,357.0,2464.0,43.5,18.0,4.1,5.0,87.0,74.0,8.2,9.8,0.0,6.8,,0.0
419551,1.01953,0.94336,275.0,2432.0,43.5,22.0,3.1,5.0,87.0,74.0,8.6,9.8,9.4,7.3,,9.4
421514,0.94922,0.94336,275.0,2464.0,43.5,22.0,4.1,5.0,87.0,74.0,8.6,9.8,10.5,7.2,,11.3
423494,0.99414,0.99512,275.0,2464.0,43.5,22.0,3.1,5.0,87.0,74.0,8.6,9.8,10.5,7.2,,10.9
425473,0.9834,0.99512,275.0,2464.0,43.5,22.7,3.1,5.0,87.0,74.0,9.0,9.8,10.5,7.6,,10.2
427397,0.98633,0.99512,275.0,2464.0,42.0,23.1,4.1,5.0,87.0,74.0,9.0,9.8,9.8,7.6,,9.4
429362,0.98242,0.99512,275.0,2464.0,42.0,23.1,4.1,5.0,85.5,74.0,9.0,9.8,10.2,7.6,,9.8
431270,0.98242,0.99512,275.0,2464.0,42.0,23.1,4.1,5.0,85.5,75.0,8.6,9.8,9.8,7.3,,10.2
433167,0.98047,0.99512,275.0,2464.0,42.0,18.0,3.1,5.0,85.5,74.0,8.6,9.8,0.0,6.9,,0.0
435138,1.99902,0.99512,275.0,2432.0,42.0,0.0,0.0,5.0,85.5,73.0,14.5,9.8,0.0,12.0,,0.0
437129,1.0127,0.94727,418.0,2432.0,42.0,34.5,6.2,5.0,85.5,73.0,8.2,9.8,9.4,7.0,,11.3
439092,0.96582,0.99512,316.0,2432.0,42.0,25.5,4.1,5.0,85.5,73.0,8.2,9.8,7.0,6.8,,0.0
440995,1.99902,0.99512,275.0,2400.0,42.0,0.0,0.0,5.0,85.5,72.0,8.2,9.8,0.0,6.8,,0.0
442878,1.99902,0.99512,337.0,2368.0,43.5,0.0,0.0,5.0,85.5,70.0,8.2,9.8,0.0,6.4,,0.0
444811,1.99902,0.99609,296.0,1600.0,43.5,18.8,0.0,0.0,85.5,62.0,3.9,9.8,0.0,4.0,,0.0
446781,1.48535,0.99609,245.0,2240.0,43.5,0.0,0.0,0.0,85.5,45.0,6.7,9.8,0.0,5.7,,0.0
448772,1.99902,0.99609,500.0,1856.0,43.5,0.0,0.0,0.0,85.5,30.0,4.7,9.8,0.0,4.1,,0.0
450763,1.99902,0.99512,296.0,1344.0,45.0,0.0,0.0,0.0,85.5,23.0,3.5,9.8,0.0,2.9,,0.0
452716,0.93066,0.99512,296.0,896.0,45.0,14.9,3.1,0.0,85.5,14.0,2.4,9.8,0.0,2.3,,0.0
454629,0.98438,0.99414,316.0,768.0,45.0,17.3,3.1,0.0,85.5,8.0,2.4,9.8,0.0,2.4,,0.0
456602,1.00586,0.99414,337.0,768.0,43.5,17.6,3.1,0.0,85.5,8.0,2.4,9.8,0.0,2.6,,0.0
458579,1.00879,0.99414,316.0,800.0,43.5,15.3,3.1,0.0,85.5,5.0,2.4,9.8,0.8,2.5,,0.8
460518,0.99316,0.99414,316.0,736.0,43.5,14.5,3.1,0.0,85.5,0.0,1.6,9.8,0.0,2.0,,-0.8
462497,0.97656,0.99414,337.0,640.0,43.5,16.5,3.1,0.0,85.5,0.0,2.0,9.8,-0.4,2.0,,0.0
464477,0.98926,0.99414,337.0,640.0,43.5,17.6,3.1,0.0,87.0,0.0,2.0,9.8,-0.8,2.0,,-0.4
466418,0.99023,0.99414,337.0,640.0,43.5,17.6,3.1,0.0,87.0,0.0,2.0,9.8,-1.2,2.0,,-1.6
468344,0.98438,0.99414,337.0,640.0,43.5,17.3,3.1,0.0,87.0,0.0,2.0,9.8,-1.6,2.0,,-2.0
470262,0.9873,0.99414,337.0,640.0,43.5,19.2,3.1,0.0,87.0,0.0,2.0,9.8,-1.2,2.1,,-2.0
472230,0.98926,0.99414,337.0,640.0,43.5,16.9,3.1,0.0,87.0,0.0,2.0,9.8,-1.6,2.1,,-2.3
474210,0.96484,0.99414,337.0,672.0,43.5,15.3,3.1,0.0,87.0,0.0,1.6,9.8,-3.5,2.1,,-5.5
476130,0.8877,0.99414,337.0,704.0,43.5,12.9,3.1,0.0,87.0,0.0,1.2,9.8,-6.3,2.0,,-5.9
478017,0.86523,0.99414,316.0,672.0,43.5,13.7,2.1,0.0,87.0,0.0,1.2,9.8,-10.2,1.8,,-12.1
479899,0.89648,0.99414,316.0,640.0,43.5,18.8,2.1,0.0,87.0,0.0,1.2,9.8,-16.8,1.9,,-17.2
481882,0.98242,0.99414,337.0,576.0,43.5,25.1,2.1,0.0,88.5,0.0,2.0,9.8,-12.1,2.0,,-11.3
483804,1.08496,0.99414,357.0,608.0,43.5,25.1,3.1,0.0,88.5,0.0,2.0,9.8,-6.6,2.1,,-5.9
485759,1.08887,0.99414,357.0,640.0,43.5,22.4,3.1,0.0,88.5,0.0,2.0,9.8,-3.9,2.2,,-3.9
487682,1.05371,0.99414,357.0,640.0,43.5,18.8,3.1,0.0,88.5,0.0,2.0,9.8,-2.3,2.1,,-2.7
489639,1.02832,0.99414,337.0,640.0,43.5,18.0,3.1,0.0,88.5,0.0,2.0,9.8,-2.7,2.1,,-3.1
491540,1.00098,0.99414,337.0,672.0,43.5,16.9,3.1,0.0,88.5,0.0,2.0,9.8,-3.1,2.1,,-3.1
493467,1.00781,0.99414,337.0,640.0,43.5,18.4,3.1,0.0,88.5,0.0,2.0,9.8,-2.7,2.1,,-2.0
495413,1.00977,0.99414,337.0,640.0,43.5,17.3,3.1,0.0,88.5,0.0,2.0,9.8,-2.0,2.0,,-1.6
497328,1.00586,0.99414,337.0,640.0,43.5,17.6,3.1,0.0,88.5,0.0,2.0,9.8,-0.8,2.0,,-0.8
499308,1.00391,0.99414,337.0,640.0,43.5,18.0,3.1,0.0,88.5,0.0,2.0,9.8,0.4,2.0,,0.4
501287,1.00586,0.99414,337.0,640.0,43.5,18.4,3.1,0.0,88.5,0.0,2.0,9.8,1.2,2.0,,1.6
503196,1.00098,0.99414,337.0,640.0,43.5,18.4,3.1,0.0,88.5,0.0,2.0,9.8,1.6,2.0,,2.3
505158,1.0,0.99414,337.0,640.0,43.5,18.0,3.1,0.0,88.5,0.0,2.0,9.8,2.3,2.0,,2.7
507150,0.99707,0.99414,337.0,640.0,43.5,18.0,3.1,0.0,88.5,0.0,2.0,9.8,3.1,2.0,,2.3
509130,0.98438,0.99414,337.0,640.0,43.5,17.3,3.1,0.0,88.5,0.0,2.0,9.8,2.7,2.0,,2.3
511108,0.9834,0.99414,337.0,640.0,43.5,15.3,3.1,0.0,88.5,0.0,2.0,9.8,2.3,2.0,,2.7
513090,0.99023,0.99414,337.0,640.0,43.5,16.9,3.1,0.0,88.5,0.0,2.0,9.8,2.3,2.0,,2.3
514986,0.98633,0.99414,337.0,640.0,43.5,18.0,3.1,0.0,88.5,0.0,2.0,9.8,2.3,2.0,,2.3
516885,0.9873,0.99414,337.0,640.0,43.5,17.3,3.1,0.0,88.5,0.0,2.0,9.8,2.3,2.0,,2.0
518816,0.99219,0.99414,337.0,640.0,43.5,18.0,3.1,0.0,88.5,0.0,2.0,9.8,2.7,2.1,,2.7
520783,0.98828,0.99414,337.0,640.0,43.5,17.6,3.1,0.0,88.5,0.0,7.8,9.8,0.0,20.5,,-1.2
522762,0.9502,0.99707,551.0,1376.0,43.5,73.3,8.2,0.0,88.5,6.0,25.1,9.8,5.9,19.2,,5.5
524744,0.97656,0.99707,694.0,2496.0,43.5,64.3,10.3,1.0,88.5,19.0,8.2,9.8,0.0,8.0,,0.0
526651,0.92383,0.9502,755.0,1888.0,43.5,76.5,11.3,2.0,88.5,24.0,35.7,9.8,10.2,30.3,,11.3
528553,1.00098,0.99609,949.0,2752.0,43.5,85.9,16.5,2.0,88.5,35.0,52.2,9.8,13.3,46.9,,14.1
530505,0.96777,0.99609,949.0,3776.0,42.0,84.7,18.5,2.0,88.5,48.0,47.5,9.8,0.0,11.8,,0.0
532451,1.99902,0.94238,694.0,2976.0,40.5,81.2,13.4,3.0,87.0,54.0,45.9,9.8,7.4,43.8,,9.4
534408,0.98535,0.99609,949.0,3424.0,40.5,85.5,17.5,3.0,87.0,62.0,57.6,9.8,10.5,51.9,,10.5
536390,0.98828,0.99609,949.0,3872.0,40.5,85.1,18.5,3.0,87.0,70.0,64.3,9.8,8.2,61.0,,7.8
538368,0.98535,0.99609,949.0,4352.0,40.5,88.2,18.5,3.0,87.0,79.0,61.6,9.8,0.0,16.2,,0.0
540252,0.9707,0.95605,969.0,3488.0,39.0,89.8,18.5,4.0,87.0,83.0,82.7,9.8,6.6,53.3,,9.0
542182,0.91602,0.9082,969.0,3680.0,39.0,85.5,20.6,4.0,87.0,88.0,86.3,9.8,12.5,57.6,,12.5
544172,0.88867,0.99609,969.0,3936.0,39.0,22.0,18.5,4.0,87.0,93.0,10.6,9.8,0.0,18.1,,0.0
546153,1.06934,0.99512,439.0,3840.0,39.0,38.8,6.2,4.0,87.0,91.0,18.8,9.8,13.3,22.7,,13.3
548143,0.99805,0.99512,459.0,3808.0,39.0,39.2,7.2,4.0,87.0,90.0,18.8,9.8,13.3,22.7,,12.5
550126,0.99023,0.99512,479.0,3776.0,40.5,39.6,7.2,4.0,87.0,89.0,18.8,9.8,9.8,22.7,,10.2
552077,0.99805,0.99512,479.0,3744.0,40.5,39.6,7.2,4.0,87.0,89.0,11.0,9.8,5.9,10.9,,5.1
553977,0.98438,0.99609,500.0,3712.0,40.5,43.1,8.2,4.0,87.0,88.0,85.5,9.8,5.5,56.5,,5.5
555908,0.9834,0.96484,969.0,3872.0,40.5,87.1,19.6,4.0,87.0,92.0,89.0,9.8,7.0,12.6,,6.6
557864,0.97656,0.99219,204.0,3936.0,40.5,14.9,0.0,4.0,87.0,92.0,12.9,9.8,0.0,13.4,,3.5
559789,0.97168,0.94531,296.0,3808.0,40.5,26.3,4.1,4.0,87.0,89.0,16.1,9.8,8.6,17.2,,9.0
561756,0.99219,0.99512,398.0,3712.0,40.5,32.9,6.2,4.0,87.0,88.0,16.5,9.8,10.2,19.6,,11.7
563664,0.98438,0.99707,632.0,3680.0,40.5,51.8,9.3,4.0,87.0,87.0,9.4,9.8,0.0,7.1,,0.0
565599,0.93652,0.95117,520.0,2880.0,40.5,56.5,7.2,5.0,85.5,85.0,18.0,9.8,6.6,20.6,,7.8
567540,1.00488,0.99707,632.0,2848.0,42.0,49.0,8.2,5.0,85.5,85.0,16.9,9.8,9.4,18.7,,9.0
569519,0.99609,0.99707,571.0,2816.0,42.0,44.7,7.2,5.0,85.5,85.0,16.9,9.8,9.4,17.8,,9.0
571499,0.95703,0.99512,275.0,2784.0,42.0,25.1,3.1,5.0,85.5,83.0,8.2,9.8,5.1,7.6,,0.0
573490,1.99902,0.99512,275.0,2688.0,42.0,0.0,0.0,5.0,85.5,80.0,8.6,9.8,0.0,7.4,,0.0
575470,0.96289,0.94824,673.0,2592.0,42.0,75.7,11.3,5.0,85.5,78.0,22.4,9.8,6.6,24.1,,6.6
577423,0.99609,0.99707,694.0,2624.0,43.5,60.8,10.3,5.0,85.5,79.0,21.2,9.8,8.2,24.1,,9.0
579351,0.99414,0.99707,734.0,2656.0,42.0,63.1,10.3,5.0,85.5,80.0,21.6,9.8,8.2,24.3,,7.8
581321,0.98926,0.99707,714.0,2688.0,42.0,19.6,10.3,5.0,85.5,80.0,7.8,9.8,0.0,7.4,,0.0
583312,1.99902,0.99512,377.0,2560.0,42.0,0.0,0.0,5.0,85.5,77.0,7.5,9.8,0.0,6.9,,0.0
585225,1.99902,0.99512,224.0,2432.0,43.5,0.0,0.0,5.0,85.5,72.0,7.1,9.8,0.0,6.6,,0.0
587182,1.99902,0.99512,275.0,2304.0,43.5,0.0,0.0,5.0,85.5,69.0,7.1,9.8,0.0,6.0,,0.0
589078,1.99902,0.99512,275.0,2176.0,45.0,0.0,0.0,0.0,85.5,64.0,5.9,9.8,0.0,4.0,,0.0
590946,0.99609,0.94434,316.0,1824.0,45.0,35.3,5.2,0.0,85.5,61.0,19.6,9.8,6.6,22.4,,9.0
592897,1.00684,0.99707,714.0,2656.0,45.0,60.4,10.3,4.0,85.5,64.0,20.8,9.8,11.3,23.7,,10.5
594865,0.96777,0.99707,714.0,2784.0,43.5,60.0,10.3,4.0,85.5,66.0,21.2,9.8,9.0,24.8,,9.4
596788,0.99707,0.99707,714.0,2880.0,43.5,59.2,10.3,4.0,85.5,68.0,21.6,9.8,9.4,25.9,,9.4
598760,0.97363,0.99707,714.0,2976.0,43.5,59.2,10.3,4.0,85.5,71.0,76.1,9.8,10.9,43.0,,9.8
600702,0.9668,0.98535,969.0,3168.0,43.5,88.6,18.5,4.0,85.5,75.0,78.4,9.8,9.0,47.9,,9.0
602578,0.92773,0.92871,969.0,3392.0,43.5,87.1,19.6,4.0,85.5,81.0,82.0,9.8,10.2,51.8,,0.0
604485,1.99902,0.99316,245.0,3072.0,42.0,0.0,0.0,0.0,85.5,83.0,12.9,9.8,0.0,19.2,,3.1
606431,0.99609,0.95703,673.0,2720.0,42.0,60.0,10.3,5.0,85.5,81.0,21.2,9.8,7.0,17.0,,5.9
608397,0.97656,0.99512,275.0,2688.0,42.0,8.6,3.1,5.0,85.5,80.0,8.6,9.8,0.0,7.3,,0.0
610308,0.98828,0.94336,245.0,2560.0,42.0,22.0,3.1,5.0,85.5,77.0,9.4,9.8,5.9,8.3,,6.6
612280,0.95215,0.94336,296.0,2496.0,42.0,24.7,4.1,5.0,85.5,74.0,9.4,9.8,7.4,8.2,,6.6
614191,0.98145,0.99512,296.0,2400.0,42.0,24.7,4.1,5.0,85.5,72.0,9.4,9.8,6.3,8.0,,5.5
616094,0.98047,0.99512,316.0,2336.0,42.0,24.7,4.1,5.0,85.5,69.0,9.0,9.8,5.5,8.8,,5.5
618072,0.98633,0.99512,296.0,2240.0,42.0,17.3,4.1,5.0,87.0,67.0,7.8,9.8,4.7,6.5,,5.1
620052,0.97949,0.99512,296.0,2176.0,42.0,24.3,4.1,5.0,87.0,65.0,9.4,9.8,5.9,8.6,,5.5
622032,0.97949,0.99707,357.0,2112.0,42.0,27.8,4.1,5.0,87.0,63.0,8.6,9.8,2.3,7.2,,2.0
624026,0.98535,0.99609,337.0,2048.0,42.0,29.4,4.1,5.0,87.0,62.0,8.6,9.8,2.3,7.2,,2.3
625946,0.99121,0.99609,296.0,1824.0,42.0,11.4,0.0,0.0,87.0,59.0,8.2,9.8,0.0,11.6,,0.0
627879,1.03711,0.99707,459.0,2464.0,43.5,39.2,6.2,4.0,87.0,58.0,14.5,9.8,9.8,13.9,,10.5
629806,1.01172,0.99707,500.0,2464.0,43.5,40.4,7.2,4.0,85.5,58.0,14.1,9.8,10.9,13.9,,11.3
631786,0.9834,0.99707,459.0,2464.0,43.5,27.5,6.2,4.0,87.0,58.0,10.2,9.8,8.6,9.1,,7.8
633747,0.97754,0.99609,337.0,2400.0,43.5,27.5,4.1,4.0,87.0,57.0,10.2,9.8,6.3,9.2,,5.9
635678,0.99023,0.99609,337.0,2368.0,43.5,29.4,5.2,4.0,85.5,56.0,10.6,9.8,5.5,7.4,,4.7
637657,0.99805,0.99512,245.0,2304.0,42.0,12.5,3.1,4.0,85.5,54.0,7.8,9.8,0.0,8.0,,0.0
639578,0.97266,0.94824,520.0,2208.0,43.5,50.2,8.2,4.0,85.5,53.0,16.9,9.8,9.4,15.7,,10.5
641508,0.99023,0.99707,571.0,2272.0,43.5,45.1,8.2,4.0,87.0,54.0,15.3,9.8,11.3,14.5,,12.1
643511,0.9873,0.99707,571.0,2304.0,43.5,45.1,8.2,4.0,85.5,55.0,14.5,9.8,10.9,13.9,,10.9
645491,0.9834,0.99707,520.0,2336.0,43.5,24.3,7.2,4.0,85.5,55.0,8.2,9.8,7.0,6.3,,7.0
647482,1.99902,0.99512,275.0,2240.0,43.5,0.0,0.0,4.0,85.5,52.0,7.5,9.8,0.0,9.6,,0.0
649451,0.99023,0.95605,714.0,2144.0,43.5,58.8,10.3,4.0,85.5,51.0,17.6,9.8,7.0,17.7,,7.4
651346,0.99902,0.99707,694.0,2240.0,43.5,58.0,10.3,4.0,85.5,53.0,17.3,9.8,7.8,17.0,,7.4
653242,0.98633,0.99707,592.0,2304.0,43.5,43.1,8.2,4.0,85.5,55.0,9.8,9.8,7.0,6.7,,4.7
655189,0.99121,0.99512,275.0,2240.0,43.5,16.9,3.1,4.0,85.5,53.0,7.5,9.8,0.0,6.0,,0.0
657146,1.99902,0.99512,439.0,2112.0,43.5,0.0,0.0,4.0,85.5,49.0,7.1,9.8,0.0,5.4,,0.0
659125,1.99902,0.99609,296.0,1952.0,45.0,0.0,0.0,4.0,85.5,45.0,6.3,9.8,0.0,5.9,,0.0
661117,0.94531,0.94531,418.0,1792.0,45.0,44.3,6.2,4.0,85.5,43.0,12.9,9.8,9.4,10.7,,9.8
663080,0.95703,0.94531,439.0,1824.0,45.0,30.6,6.2,4.0,85.5,43.0,5.5,9.8,0.0,3.9,,0.0
664992,0.98633,0.94336,296.0,1472.0,45.0,24.3,4.1,0.0,85.5,40.0,8.2,9.8,0.0,7.4,,2.0
666969,0.96875,0.94336,316.0,2208.0,45.0,26.7,4.1,3.0,85.5,39.0,9.0,9.8,6.6,7.8,,7.0
668889,0.93652,0.99609,337.0,2144.0,43.5,29.8,4.1,3.0,85.5,38.0,11.4,9.8,5.1,10.8,,6.6
670870,1.0,0.99707,459.0,2144.0,45.0,36.5,6.2,3.0,85.5,38.0,11.8,9.8,8.6,11.1,,8.6
672851,1.00781,0.99707,459.0,2208.0,43.5,37.3,6.2,3.0,85.5,40.0,12.5,9.8,10.2,11.5,,9.8
674829,0.97852,0.99707,459.0,2272.0,43.5,36.5,6.2,3.0,85.5,41.0,12.9,9.8,10.2,11.9,,10.2
676737,0.98535,0.99707,459.0,2336.0,43.5,36.5,6.2,3.0,85.5,41.0,12.9,9.8,9.8,11.9,,9.8
678687,0.9873,0.99707,459.0,2368.0,43.5,36.1,6.2,3.0,85.5,42.0,13.3,9.8,9.8,12.1,,9.8
680612,0.99414,0.99707,439.0,2432.0,43.5,35.3,6.2,3.0,85.5,43.0,12.5,9.8,9.4,11.0,,9.4
682557,0.98535,0.99707,398.0,2496.0,43.5,31.8,5.2,3.0,85.5,44.0,12.2,9.8,8.6,7.4,,8.6
684483,0.97754,0.99512,275.0,2432.0,43.5,17.6,3.1,3.0,85.5,43.0,10.6,9.8,0.0,9.9,,2.7
686475,1.02832,0.99609,357.0,2400.0,43.5,36.5,5.2,3.0,85.5,43.0,15.7,9.8,9.0,15.0,,9.8
688466,0.98828,0.99707,520.0,2496.0,43.5,41.6,7.2,3.0,85.5,44.0,14.5,9.8,10.2,14.3,,10.9
690439,0.98145,0.99707,479.0,2560.0,43.5,39.2,7.2,3.0,85.5,46.0,14.5,9.8,9.4,14.3,,9.4
692426,0.99023,0.99707,479.0,2624.0,43.5,38.4,6.2,3.0,87.0,46.0,14.5,9.8,8.6,14.4,,9.0
694417,0.98633,0.99707,479.0,2656.0,43.5,38.0,6.2,3.0,85.5,47.0,14.5,9.8,8.6,14.4,,9.4
696408,0.98242,0.99707,459.0,2688.0,43.5,35.3,6.2,3.0,87.0,48.0,13.7,9.8,5.1,38.1,,4.7
698374,0.96973,0.99609,969.0,2912.0,43.5,90.2,17.5,3.0,87.0,53.0,76.1,9.8,7.0,46.0,,7.8
700306,0.93945,0.93066,969.0,3360.0,43.5,85.5,19.6,3.0,87.0,61.0,83.1,9.8,11.3,54.1,,11.7
702196,0.90137,0.99609,653.0,3904.0,42.0,0.0,0.0,0.0,87.0,67.0,7.1,9.8,0.0,7.8,,0.0
704090,1.99902,0.99512,398.0,2688.0,42.0,0.0,0.0,4.0,87.0,62.0,7.1,9.8,0.0,7.2,,0.0
706060,1.99902,0.99512,357.0,2496.0,43.5,0.0,0.0,4.0,87.0,58.0,6.7,9.8,0.0,5.9,,0.0
708044,0.98145,0.94336,275.0,2304.0,45.0,25.1,3.1,4.0,87.0,54.0,7.8,9.8,4.3,6.1,,5.9
710020,1.22168,0.99609,275.0,2144.0,45.0,0.0,0.0,4.0,87.0,50.0,7.1,9.8,0.0,5.5,,0.0
712012,1.99902,0.99609,500.0,1952.0,45.0,10.2,0.0,4.0,87.0,46.0,11.8,9.8,0.0,10.8,,0.0
713885,1.01855,0.94727,551.0,1920.0,46.5,40.4,7.2,4.0,87.0,45.0,7.1,9.8,6.6,5.9,,5.9
715781,0.94336,0.94434,296.0,1824.0,46.5,0.0,0.0,4.0,87.0,43.0,5.9,9.8,0.0,7.1,,0.0
717772,0.9502,0.94629,479.0,1760.0,46.5,43.5,7.2,4.0,87.0,41.0,12.2,9.8,10.5,11.0,,11.7
719749,0.94629,0.94727,571.0,1760.0,46.5,41.6,8.2,4.0,87.0,42.0,5.9,9.8,0.0,4.2,,0.0
721677,0.98535,0.94336,296.0,1632.0,45.0,21.6,4.1,0.0,87.0,40.0,7.1,9.8,0.0,6.0,,0.0
723655,0.9668,0.94336,439.0,2176.0,45.0,45.1,7.2,3.0,87.0,38.0,13.7,9.8,8.6,8.4,,8.2
725618,0.99219,0.99707,459.0,2176.0,45.0,43.9,7.2,3.0,87.0,39.0,15.3,9.8,10.2,14.4,,11.7
727542,1.00586,0.99707,592.0,2272.0,45.0,47.1,8.2,3.0,87.0,41.0,19.2,9.8,13.3,19.8,,12.9
729516,0.97559,0.99707,673.0,2464.0,45.0,56.5,10.3,3.0,87.0,44.0,18.8,9.8,10.9,20.5,,10.2
731417,0.98047,0.99707,673.0,2624.0,45.0,56.1,10.3,3.0,87.0,47.0,17.6,9.8,8.6,19.3,,9.0
733400,0.98828,0.99707,612.0,2784.0,45.0,49.4,8.2,3.0,87.0,50.0,18.8,9.8,9.8,20.9,,9.4
735372,0.99219,0.99707,612.0,2912.0,45.0,48.2,8.2,3.0,87.0,52.0,18.8,9.8,10.5,21.1,,10.5
737292,0.99414,0.99707,612.0,3040.0,45.0,47.1,8.2,3.0,87.0,54.0,18.4,9.8,9.4,17.3,,8.2
739231,0.97949,0.99414,245.0,3040.0,45.0,0.0,3.1,3.0,87.0,53.0,9.0,9.8,0.0,7.0,,0.0
741138,1.99902,0.99609,500.0,1696.0,45.0,0.0,0.0,0.0,87.0,41.0,4.3,9.8,0.0,3.3,,0.0
743061,1.0166,0.99512,316.0,1088.0,46.5,13.7,4.1,4.0,87.0,29.0,3.5,9.8,0.0,3.4,,0.0
745031,0.98047,0.99512,275.0,1184.0,46.5,13.7,3.1,3.0,87.0,19.0,3.5,9.8,0.0,3.1,,-0.4
746943,0.98535,0.99512,296.0,992.0,46.5,13.3,3.1,2.0,87.0,9.0,2.7,9.8,0.4,2.7,,0.0
748876,0.99023,0.99414,296.0,832.0,46.5,12.9,3.1,0.0,87.0,0.0,2.4,9.8,1.6,2.2,,1.6
750751,0.98828,0.99414,337.0,704.0,46.5,14.1,3.1,0.0,87.0,0.0,2.0,9.8,0.4,2.1,,0.0
752657,0.97266,0.99414,316.0,704.0,46.5,16.1,3.1,0.0,87.0,0.0,1.6,9.8,0.0,6.9,,-2.7
754604,0.88281,0.99609,479.0,1376.0,46.5,27.8,6.2,0.0,87.0,0.0,6.7,9.8,-1.2,6.3,,-2.3
756577,0.99023,0.99512,908.0,864.0,46.5,87.5,16.5,0.0,87.0,8.0,26.3,9.8,0.4,19.5,,1.6
758564,1.0498,0.99707,653.0,2912.0,46.5,0.0,9.3,0.0,88.5,20.0,17.3,9.8,0.0,15.7,,3.1
760523,0.99121,0.95215,775.0,1952.0,45.0,64.7,11.3,2.0,88.5,25.0,15.7,9.8,5.9,14.6,,7.4
762429,1.01953,0.99707,571.0,2400.0,45.0,41.6,8.2,2.0,88.5,30.0,15.3,9.8,10.2,15.7,,10.5
764296,0.98926,0.99707,551.0,2784.0,45.0,56.1,7.2,2.0,88.5,34.0,22.0,9.8,9.4,9.5,,0.0
766227,1.99902,0.99512,275.0,2400.0,45.0,0.0,0.0,0.0,88.5,37.0,12.9,9.8,0.0,12.6,,0.0
768229,1.0,0.9502,592.0,2144.0,45.0,56.1,8.2,3.0,88.5,38.0,17.6,9.8,10.2,17.7,,10.5
770207,0.97949,0.99707,571.0,2368.0,45.0,47.1,8.2,3.0,88.5,42.0,17.3,9.8,10.9,16.4,,10.5
772127,0.99023,0.99707,571.0,2528.0,45.0,47.1,8.2,3.0,88.5,45.0,16.9,9.8,10.5,17.2,,10.2
774101,1.0,0.99707,571.0,2656.0,45.0,45.1,8.2,3.0,88.5,47.0,16.9,9.8,9.4,20.8,,8.2
776030,0.98438,0.99707,592.0,2752.0,45.0,42.7,8.2,3.0,88.5,49.0,16.5,9.8,8.2,17.0,,8.6
777920,0.99316,0.99707,551.0,2784.0,45.0,42.7,7.2,3.0,88.5,49.0,16.9,9.8,8.6,17.9,,8.6
779872,1.00391,0.99707,551.0,2848.0,45.0,38.0,7.2,3.0,88.5,51.0,8.2,9.8,0.0,7.7,,0.0
781771,1.99902,0.99512,275.0,2752.0,45.0,9.4,0.0,3.0,88.5,48.0,9.0,9.8,0.0,7.3,,0.0
783742,0.99902,0.94336,245.0,2560.0,45.0,19.2,3.1,3.0,88.5,45.0,8.6,9.8,7.8,8.3,,7.8
785722,0.9375,0.94336,275.0,2368.0,45.0,17.6,4.1,3.0,88.5,42.0,8.2,9.8,0.0,6.1,,0.0
787685,1.99902,0.99609,377.0,1696.0,45.0,0.0,0.0,0.0,88.5,34.0,3.9,9.8,0.0,3.2,,0.0
789586,1.01953,0.99512,337.0,960.0,46.5,11.8,4.1,0.0,88.5,19.0,2.7,9.8,0.0,4.2,,0.0
791527,0.9375,0.94434,377.0,1184.0,46.5,41.6,6.2,0.0,88.5,14.0,10.6,9.8,2.7,8.5,,4.3
793499,0.99902,0.94434,439.0,1376.0,46.5,31.4,5.2,2.0,88.5,17.0,11.8,9.8,3.5,12.9,,5.5
795496,1.03711,0.99707,775.0,1728.0,46.5,65.1,11.3,2.0,88.5,22.0,19.6,9.8,9.8,20.8,,10.5
797465,0.98828,0.99707,418.0,2368.0,46.5,0.0,0.0,0.0,88.5,30.0,8.6,9.8,0.0,10.5,,0.0
799459,0.99512,0.94727,592.0,1856.0,45.0,48.6,7.2,3.0,88.5,34.0,14.1,9.8,10.2,12.6,,9.8
801342,0.96582,0.99609,337.0,2144.0,45.0,18.0,4.1,3.0,88.5,39.0,7.5,9.8,0.0,6.1,,0.0
803261,1.99902,0.99512,316.0,2208.0,45.0,0.0,0.0,3.0,88.5,39.0,8.2,9.8,0.0,8.1,,0.0
805230,1.00391,0.94336,275.0,2240.0,46.5,28.6,3.1,3.0,88.5,40.0,12.2,9.8,8.2,11.9,,9.8
807208,0.9668,0.94336,275.0,2240.0,46.5,13.3,4.1,3.0,88.5,40.0,7.8,9.8,0.0,5.9,,0.0
809144,1.99902,0.99609,479.0,2048.0,46.5,0.0,0.0,0.0,88.5,34.0,5.1,9.8,0.0,3.4,,0.0
811090,1.12402,0.99414,357.0,960.0,48.0,12.5,4.1,0.0,88.5,18.0,2.7,9.8,0.0,2.6,,0.0
813020,0.96777,0.99414,316.0,832.0,48.0,16.9,3.1,0.0,88.5,5.0,20.4,9.8,-2.7,11.7,,-2.7
814899,0.95801,0.94629,673.0,1472.0,48.0,56.5,10.3,1.0,88.5,11.0,16.9,9.8,3.5,18.9,,5.9
816863,1.02148,0.99707,653.0,2656.0,46.5,0.0,10.3,0.0,88.5,18.0,14.1,9.8,0.0,15.2,,0.0
818853,1.06055,0.9502,826.0,1728.0,46.5,68.2,13.4,2.0,88.5,22.0,20.0,9.8,10.9,18.9,,10.5
820776,0.98145,0.99707,755.0,2272.0,46.5,63.5,11.3,2.0,88.5,28.0,18.8,9.8,5.5,7.9,,6.6
822737,0.99219,0.99512,245.0,2464.0,45.0,0.0,3.1,2.0,88.5,29.0,7.8,9.8,0.0,5.6,,0.0
824722,1.99902,0.99609,551.0,1440.0,46.5,19.6,0.0,0.0,88.5,17.0,3.1,9.8,0.0,2.9,,0.0
826690,0.99023,0.99414,337.0,896.0,46.5,16.5,4.1,0.0,88.5,11.0,2.7,9.8,0.0,3.6,,0.0
828608,0.91016,0.94336,459.0,896.0,46.5,38.8,6.2,0.0,88.5,11.0,5.9,9.8,-1.2,6.8,,-2.0
830571,0.94922,0.94531,653.0,1216.0,46.5,55.7,9.3,2.0,88.5,16.0,13.7,9.8,8.6,13.1,,8.6
832556,0.99902,0.99707,612.0,1856.0,46.5,0.0,8.2,0.0,88.5,23.0,4.3,9.8,0.0,3.4,,0.0
834534,0.9668,0.99512,296.0,1152.0,46.5,15.3,3.1,3.0,88.5,21.0,3.5,9.8,0.0,3.2,,0.0
836493,0.99316,0.99512,296.0,1024.0,46.5,13.7,3.1,2.0,88.5,12.0,3.1,9.8,0.0,2.6,,1.2
838435,1.00195,0.99414,296.0,896.0,46.5,13.7,3.1,0.0,90.0,1.0,2.7,9.8,0.4,2.3,,1.2
840402,0.98828,0.99414,316.0,736.0,46.5,14.9,3.1,0.0,90.0,0.0,2.0,9.8,-0.8,2.1,,-0.8
842340,0.9873,0.99414,316.0,672.0,46.5,14.9,3.1,0.0,90.0,0.0,1.6,9.8,-2.0,2.0,,-2.3
844289,0.98145,0.99414,337.0,640.0,46.5,18.4,3.1,0.0,90.0,0.0,1.6,9.8,-3.1,2.0,,-3.1
846258,0.98828,0.99414,337.0,640.0,46.5,16.5,3.1,0.0,90.0,0.0,1.6,9.8,-3.5,1.9,,-3.5
848183,0.98926,0.99414,337.0,640.0,46.5,16.5,3.1,0.0,90.0,0.0,1.6,9.8,-3.9,2.0,,-3.9
850167,0.98633,0.99414,337.0,608.0,46.5,17.6,3.1,0.0,90.0,0.0,2.0,9.8,-3.5,1.9,,-4.3
